{
  "category": "clothing_shoes_and_jewelry",
  "anomaly_characteristics": {
    "total_anomalies": 4425,
    "anomaly_rate": 0.008864129422299145,
    "helpful_vote_mean": 34.6793220338983,
    "helpful_vote_std": 82.36501911529031,
    "helpful_vote_min": "0",
    "helpful_vote_max": "1749",
    "verified_purchase_mean": 0.6171751412429378,
    "verified_purchase_std": 0.4861310447720089,
    "verified_purchase_min": "False",
    "verified_purchase_max": "True",
    "has_images_mean": 0.4696045197740113,
    "has_images_std": 0.49913166188168007,
    "has_images_min": "False",
    "has_images_max": "True",
    "rating_diff_mean": 1.0240508864559024,
    "rating_diff_std": 0.9331705792357624,
    "rating_diff_min": 0.0003076791763305,
    "rating_diff_max": 4.229530334472656,
    "reviewer_review_count_mean": 389.3941242937853,
    "reviewer_review_count_std": 729.9001648159697,
    "reviewer_review_count_min": "1",
    "reviewer_review_count_max": "4293",
    "rating_vs_product_avg_abs_mean": 1.5784858757062148,
    "rating_vs_product_avg_abs_std": 1.126382198456557,
    "rating_vs_product_avg_abs_min": 0.0,
    "rating_vs_product_avg_abs_max": 4.0,
    "category_Clothing_Shoes_and_Jewelry_count": 4425,
    "category_Clothing_Shoes_and_Jewelry_percentage": 100.0,
    "rating_1_count": 1106,
    "rating_1_percentage": 24.994350282485875,
    "rating_2_count": 683,
    "rating_2_percentage": 15.435028248587571,
    "rating_3_count": 560,
    "rating_3_percentage": 12.655367231638417,
    "rating_4_count": 682,
    "rating_4_percentage": 15.412429378531073,
    "rating_5_count": 1394,
    "rating_5_percentage": 31.502824858757062
  },
  "basic_metrics": {
    "positive_diff_percentage": 26.960451977401128,
    "negative_diff_percentage": 73.03954802259886,
    "mean_rating_diff": 1.0240508864559024,
    "zero_votes_count": "990",
    "low_votes_count": "578",
    "high_votes_count": "2857",
    "zero_votes_percentage": 22.372881355932204,
    "low_votes_percentage": 13.062146892655369,
    "high_votes_percentage": 64.56497175141243,
    "verified_count": "2731",
    "unverified_count": "1694",
    "verified_percentage": 61.717514124293785,
    "unverified_percentage": 38.282485875706215,
    "with_images_count": "2078",
    "without_images_count": "2347",
    "with_images_percentage": 46.96045197740113,
    "without_images_percentage": 53.03954802259887
  },
  "user_analysis": {
    "total_anomalous_users": 2426,
    "total_anomalous_reviews": 4425,
    "avg_anomalies_per_user": 1.8239901071723001,
    "max_anomalies_per_user": 103,
    "avg_total_reviews_per_user": 48.263808738664466,
    "avg_normal_reviews_per_user": 46.439818631492166,
    "users_with_all_anomalous": 84,
    "users_with_high_anomaly_rate": 86,
    "user_analysis_data": "                           user_id  anomaly_count  reviewer_review_count  normal_reviews  anomaly_rate\n0     AE22BZ4I2434QRWLOQ52XURGWREA              1                     28              27      0.035714\n1     AE23D3SJBYXFUO7OXEAFXXTU2IPA              1                     10               9      0.100000\n2     AE24VH64NWRELC6FZVDXPF62EIRQ              1                     13              12      0.076923\n3     AE25SZPU7AIIMXMY6FYWQEPVCZZQ              2                      2               0      1.000000\n4     AE2AP5NZ7UO4OD4Q4VVKBJ2EIISA              1                     14              13      0.071429\n...                            ...            ...                    ...             ...           ...\n2421  AHZT7CXNHT47LJRBF6NEZXTRENXA              1                     56              55      0.017857\n2422  AHZY7UUJONXI5P2DMFJSHG7RBLMQ              1                     23              22      0.043478\n2423  AHZYQWEOFG4GKOFO2A3I7KLVEYDA              1                     33              32      0.030303\n2424  AHZZBX47DFF7Y7QX5WRUHRL6DW3A              1                      1               0      1.000000\n2425  AHZZYTOMEBCKHDUNDCH3RTOPKW5Q              1                     12              11      0.083333\n\n[2426 rows x 5 columns]"
  },
  "coordinated_attacks": {
    "spam_patterns": {
      "count": 8,
      "patterns": [
        {
          "user_id": "AEMRAZPNN2NBBUDV4YGGYMGPFC6A",
          "indices": [
            1165,
            1362,
            1408,
            1515,
            1530,
            1537,
            1540,
            1543,
            1555,
            1578,
            1588,
            1609,
            1651,
            1687,
            1715,
            1798,
            1844,
            1914,
            1919,
            1943,
            2023,
            2097,
            2131,
            2135,
            2137
          ],
          "review_count": 25,
          "avg_similarity": 1.0000000000000002
        },
        {
          "user_id": "AEP4CUO23WOOOEYSJBXWYLLHD5IQ",
          "indices": [
            233,
            239,
            367,
            459,
            493,
            514,
            576,
            677,
            765,
            924,
            996
          ],
          "review_count": 11,
          "avg_similarity": 0.9491686259752118
        },
        {
          "user_id": "AEPEDW5FBBJ2XYR2BIJAKUPHCMHA",
          "indices": [
            1087,
            1090,
            1094,
            1101,
            1104,
            1106,
            1113,
            1138,
            1141,
            1142,
            1151,
            1164,
            1192,
            1195,
            1207,
            1247,
            1304,
            1306,
            1309,
            1312,
            1321,
            1373,
            1378,
            1396,
            1427,
            1429,
            1435,
            1440,
            1441,
            1453,
            1454,
            1455,
            1457,
            1472,
            1480,
            1487,
            1517,
            1523,
            1529,
            1557,
            1558,
            1570,
            1607,
            1612,
            1615,
            1625,
            1626,
            1630,
            1639,
            1643,
            1644,
            1646,
            1650,
            1658,
            1662,
            1667,
            1672,
            1688,
            1690,
            1700,
            1710,
            1716,
            1725,
            1726,
            1729,
            1740,
            1743,
            1746,
            1751,
            1753,
            1765,
            1766,
            1773,
            1784,
            1796,
            1806,
            1820,
            1832,
            1842,
            1880,
            1922,
            1927,
            1928,
            1939,
            1944,
            1945,
            1967,
            1971,
            1977,
            1979,
            1983,
            1986,
            1996,
            2002,
            2046,
            2055,
            2062,
            2083,
            2091,
            2092,
            2114,
            2167,
            2170
          ],
          "review_count": 103,
          "avg_similarity": 1.0
        },
        {
          "user_id": "AFPF2CONJ33FNFKOEQ2TUNWQJTFQ",
          "indices": [
            1204,
            1417,
            1522,
            1605,
            1655,
            1656,
            1733,
            1750,
            1964,
            1981,
            2054,
            2075,
            2108,
            2141
          ],
          "review_count": 14,
          "avg_similarity": 1.0000000000000002
        },
        {
          "user_id": "AGLAXKW6OG6XNTBWBYQYMFT53BYQ",
          "indices": [
            1695,
            1736,
            1825,
            1891,
            2036
          ],
          "review_count": 5,
          "avg_similarity": 0.961213994909709
        },
        {
          "user_id": "AGSTQ3JDGW2TZB5XKBF7PD2DJOKQ",