{
  "category": "electronics",
  "anomaly_characteristics": {
    "total_anomalies": 4126,
    "anomaly_rate": 0.008361925877586756,
    "helpful_vote_mean": 50.71303926320892,
    "helpful_vote_std": 220.38431899256165,
    "helpful_vote_min": "0",
    "helpful_vote_max": "8722",
    "verified_purchase_mean": 0.6102762966553563,
    "verified_purchase_std": 0.4877466518274875,
    "verified_purchase_min": "False",
    "verified_purchase_max": "True",
    "has_images_mean": 0.33082888996606885,
    "has_images_std": 0.4705685961514595,
    "has_images_min": "False",
    "has_images_max": "True",
    "rating_diff_mean": 1.149635166550977,
    "rating_diff_std": 1.0487062495604884,
    "rating_diff_min": 8.7738037109375e-05,
    "rating_diff_max": 4.23410844802856,
    "reviewer_review_count_mean": 105.62045564711585,
    "reviewer_review_count_std": 164.10645593900017,
    "reviewer_review_count_min": "1",
    "reviewer_review_count_max": "1030",
    "rating_vs_product_avg_abs_mean": 1.6723218613669413,
    "rating_vs_product_avg_abs_std": 1.1476034746050576,
    "rating_vs_product_avg_abs_min": 0.0,
    "rating_vs_product_avg_abs_max": 4.0,
    "category_Electronics_count": 4126,
    "category_Electronics_percentage": 100.0,
    "rating_1_count": 1160,
    "rating_1_percentage": 28.114396509936984,
    "rating_2_count": 568,
    "rating_2_percentage": 13.766359670382938,
    "rating_3_count": 540,
    "rating_3_percentage": 13.087736306349976,
    "rating_4_count": 560,
    "rating_4_percentage": 13.572467280659234,
    "rating_5_count": 1298,
    "rating_5_percentage": 31.459040232670866
  },
  "basic_metrics": {
    "positive_diff_percentage": 30.610761027629668,
    "negative_diff_percentage": 69.38923897237034,
    "mean_rating_diff": 1.149635166550977,
    "zero_votes_count": "1181",
    "low_votes_count": "824",
    "high_votes_count": "2121",
    "zero_votes_percentage": 28.623364032961707,
    "low_votes_percentage": 19.970916141541444,
    "high_votes_percentage": 51.40571982549685,
    "verified_count": "2518",
    "unverified_count": "1608",
    "verified_percentage": 61.027629665535635,
    "unverified_percentage": 38.97237033446437,
    "with_images_count": "1365",
    "without_images_count": "2761",
    "with_images_percentage": 33.08288899660688,
    "without_images_percentage": 66.91711100339312
  },
  "user_analysis": {
    "total_anomalous_users": 2337,
    "total_anomalous_reviews": 4126,
    "avg_anomalies_per_user": 1.7655113393239195,
    "max_anomalies_per_user": 67,
    "avg_total_reviews_per_user": 27.415062045357296,
    "avg_normal_reviews_per_user": 25.649550706033377,
    "users_with_all_anomalous": 111,
    "users_with_high_anomaly_rate": 114,
    "user_analysis_data": "                           user_id  anomaly_count  reviewer_review_count  normal_reviews  anomaly_rate\n0     AE26UOFPOQGAS4YEUNRHZ7VQ5FHA              1                      5               4      0.200000\n1     AE2AOQ3UIH4R5PTWTU3NUMZVGNEQ              1                     20              19      0.050000\n2     AE2D7H4TJKBCWFU7JLY7Z3FSMI7Q              1                     36              35      0.027778\n3     AE2HO2VMZZEJ7XPFK4HYXXFD3PEQ              1                      3               2      0.333333\n4     AE2OBAJSOFCFVOBCJQKC2LWXBPIA              1                      3               2      0.333333\n...                            ...            ...                    ...             ...           ...\n2332  AHZPANRK7YEIJVL6L7KEMBHCQSAQ              1                     10               9      0.100000\n2333  AHZPIRYTVDAOOXYIODQDWMGTPLEA              1                      4               3      0.250000\n2334  AHZPZENOKQJZPWPQEGTANOKSQIYA              1                     18              17      0.055556\n2335  AHZVC7D5BYO4S2MVUKM6N4WZP55A              1                      6               5      0.166667\n2336  AHZVNDBSVL6BWGT2446JDYEDQUJQ             14                    176             162      0.079545\n\n[2337 rows x 5 columns]"
  },
  "coordinated_attacks": {
    "spam_patterns": {
      "count": 8,
      "patterns": [
        {
          "user_id": "AE2VLSDJLY3SBCWJ4PIQ7ETQOEJQ",
          "indices": [
            1502,
            1797,
            1838
          ],
          "review_count": 3,
          "avg_similarity": 0.9439217024494412
        },
        {
          "user_id": "AEIYOSXAX5SNM7US57NV45IX5MGQ",
          "indices": [
            2706,
            2768,
            2794,
            2798,
            2823,
            2827,
            2829,
            2843,
            2858,
            2871,
            2875,
            2882,
            2905,
            2923,
            2929,
            2981,
            3021,
            3030,
            3052,
            3064,
            3076,
            3080,
            3081,
            3085,
            3095,
            3101,
            3102,
            3107,
            3108,
            3109,
            3111,
            3119,
            3121,
            3123,
            3124,
            3136,
            3147,
            3149,
            3153,
            3164,
            3193,
            3221,
            3224,
            3232,
            3234,
            3273,
            3288,
            3322,
            3384,
            3400,
            3421
          ],
          "review_count": 51,
          "avg_similarity": 0.9132970560553423
        },
        {
          "user_id": "AEYX36LJOPGOJKN6PQN7SLNIAHRQ",
          "indices": [
            2101,
            2109,
            2152,
            2221,
            2236,
            2262,
            2316,
            2324,
            2325,
            2341,
            2360,
            2397,
            2407,
            2474,
            2482,
            2488,
            2555,
            2557,
            2579,
            2620
          ],
          "review_count": 20,
          "avg_similarity": 1.0000000000000002
        },
        {
          "user_id": "AF52JT3YJ3H3TODJPUTOK4D44D6Q",
          "indices": [
            1988,
            1990,
            1991,
            2050,
            2062,
            2064,
            2089,
            2107,
            2128,
            2157,
            2165,
            2167,
            2170,
            2190,
            2200,
            2201,
            2203,
            2209,
            2213,
            2244,
            2269,
            2275,
            2284,
            2285,
            2310,
            2353,
            2359,
            2419,
            2441,
            2459,
            2464,
            2466,
            2504,
            2506,
            2514,
            2558,
            2562,
            2629
          ],
          "review_count": 38,
          "avg_similarity": 0.9957172955950021
        },
        {
          "user_id": "AGY6SXFQIP3FMKMKICQEHAGOQCCA",
          "indices": [
            2063,
            2066,
            2078,
            2111,
            2173,
            2259,
            2287,
            2355,
            2375,
            2401,
            2423,
            2479,
            2483,
            2484,
            2549
          ],
          "review_count": 15,
          "avg_similarity": 1.0000000000000002
        },
        {
          "user_id": "AHDZKPPKUT7HD47LXCBN7RQNN6KQ",